kernel,size,run,seconds
2mm,extralarge,1,15.217785
2mm,extralarge,2,15.225683
2mm,extralarge,3,14.946728
2mm,extralarge,4,15.411750
2mm,extralarge,5,15.239625
2mm,extralarge,6,14.912556
2mm,extralarge,7,14.780135
2mm,extralarge,8,14.995326
2mm,extralarge,9,15.166809
2mm,extralarge,10,15.001879
2mm,large,1,1.524512
2mm,large,2,1.535296
2mm,large,3,1.535604
2mm,large,4,1.520797
2mm,large,5,1.552088
2mm,large,6,1.535443
2mm,large,7,1.530936
2mm,large,8,1.538093
2mm,large,9,1.546643
2mm,large,10,1.530858
2mm,medium,1,0.010853
2mm,medium,2,0.011198
2mm,medium,3,0.011436
2mm,medium,4,0.011024
2mm,medium,5,0.010285
2mm,medium,6,0.011028
2mm,medium,7,0.010236
2mm,medium,8,0.013447
2mm,medium,9,0.010433
2mm,medium,10,0.013702
2mm,mini,1,0.000009
2mm,mini,2,0.000007
2mm,mini,3,0.000015
2mm,mini,4,0.000008
2mm,mini,5,0.000015
2mm,mini,6,0.000021
2mm,mini,7,0.000016
2mm,mini,8,0.000021
2mm,mini,9,0.000008
2mm,mini,10,0.000007
2mm,small,1,0.000189
2mm,small,2,0.000199
2mm,small,3,0.000427
2mm,small,4,0.000191
2mm,small,5,0.000387
2mm,small,6,0.000184
2mm,small,7,0.000184
2mm,small,8,0.000391
2mm,small,9,0.000180
2mm,small,10,0.000177
3mm,extralarge,1,24.873005
3mm,extralarge,2,24.745875
3mm,extralarge,3,24.680524
3mm,extralarge,4,24.777219
3mm,extralarge,5,24.777657
3mm,extralarge,6,24.772498
3mm,extralarge,7,24.767688
3mm,extralarge,8,24.709878
3mm,extralarge,9,24.717363
3mm,extralarge,10,24.790374
3mm,large,1,2.581979
3mm,large,2,2.570700
3mm,large,3,2.632987
3mm,large,4,2.547198
3mm,large,5,2.560818
3mm,large,6,2.536234
3mm,large,7,2.591404
3mm,large,8,2.556555
3mm,large,9,2.566952
3mm,large,10,2.565442
3mm,medium,1,0.019366
3mm,medium,2,0.019005
3mm,medium,3,0.018692
3mm,medium,4,0.019327
3mm,medium,5,0.016407
3mm,medium,6,0.020403
3mm,medium,7,0.016421
3mm,medium,8,0.016384
3mm,medium,9,0.019636
3mm,medium,10,0.016557
3mm,mini,1,0.000012
3mm,mini,2,0.000024
3mm,mini,3,0.000013
3mm,mini,4,0.000023
3mm,mini,5,0.000034
3mm,mini,6,0.000012
3mm,mini,7,0.000047
3mm,mini,8,0.000014
3mm,mini,9,0.000012
3mm,mini,10,0.000024
3mm,small,1,0.000805
3mm,small,2,0.000341
3mm,small,3,0.000340
3mm,small,4,0.000791
3mm,small,5,0.000370
3mm,small,6,0.001012
3mm,small,7,0.000757
3mm,small,8,0.000362
3mm,small,9,0.000342
3mm,small,10,0.000776
adi,extralarge,1,78.758738
adi,extralarge,2,78.842159
adi,extralarge,3,78.746645
adi,extralarge,4,78.896674
adi,extralarge,5,78.808444
adi,extralarge,6,78.722370
adi,extralarge,7,78.756095
adi,extralarge,8,78.736669
adi,extralarge,9,78.787460
adi,extralarge,10,78.781046
adi,large,1,9.778776
adi,large,2,9.769342
adi,large,3,9.772347
adi,large,4,9.775438
adi,large,5,9.835965
adi,large,6,9.829598
adi,large,7,9.760167
adi,large,8,9.825720
adi,large,9,9.788777
adi,large,10,9.780428
adi,medium,1,0.075084
adi,medium,2,0.077806
adi,medium,3,0.075089
adi,medium,4,0.075093
adi,medium,5,0.078332
adi,medium,6,0.080021
adi,medium,7,0.075066
adi,medium,8,0.078123
adi,medium,9,0.075114
adi,medium,10,0.078977
adi,mini,1,0.000388
adi,mini,2,0.000127
adi,mini,3,0.000130
adi,mini,4,0.000130
adi,mini,5,0.000132
adi,mini,6,0.000404
adi,mini,7,0.000388
adi,mini,8,0.000300
adi,mini,9,0.000134
adi,mini,10,0.000313
adi,small,1,0.002610
adi,small,2,0.005303
adi,small,3,0.007883
adi,small,4,0.006382
adi,small,5,0.002607
adi,small,6,0.003227
adi,small,7,0.005584
adi,small,8,0.002594
adi,small,9,0.005091
adi,small,10,0.002624
atax,extralarge,1,0.003646
atax,extralarge,2,0.003631
atax,extralarge,3,0.003622
atax,extralarge,4,0.003729
atax,extralarge,5,0.003625
atax,extralarge,6,0.003608
atax,extralarge,7,0.003617
atax,extralarge,8,0.003646
atax,extralarge,9,0.003710
atax,extralarge,10,0.003616
atax,large,1,0.003653
atax,large,2,0.005604
atax,large,3,0.003665
atax,large,4,0.003653
atax,large,5,0.010646
atax,large,6,0.003642
atax,large,7,0.003687
atax,large,8,0.003654
atax,large,9,0.003704
atax,large,10,0.003672
atax,medium,1,0.000306
atax,medium,2,0.000411
atax,medium,3,0.000161
atax,medium,4,0.000420
atax,medium,5,0.000413
atax,medium,6,0.000305
atax,medium,7,0.000412
atax,medium,8,0.000426
atax,medium,9,0.000305
atax,medium,10,0.000307
atax,mini,1,0.000003
atax,mini,2,0.000004
atax,mini,3,0.000004
atax,mini,4,0.000003
atax,mini,5,0.000003
atax,mini,6,0.000008
atax,mini,7,0.000008
atax,mini,8,0.000004
atax,mini,9,0.000003
atax,mini,10,0.000003
atax,small,1,0.000030
atax,small,2,0.000014
atax,small,3,0.000014
atax,small,4,0.000014
atax,small,5,0.000015
atax,small,6,0.000015
atax,small,7,0.000040
atax,small,8,0.000014
atax,small,9,0.000030
atax,small,10,0.000016
bicg,extralarge,1,0.012221
bicg,extralarge,2,0.012341
bicg,extralarge,3,0.012245
bicg,extralarge,4,0.012220
bicg,extralarge,5,0.012163
bicg,extralarge,6,0.012178
bicg,extralarge,7,0.012227
bicg,extralarge,8,0.012313
bicg,extralarge,9,0.012318
bicg,extralarge,10,0.012189
bicg,large,1,0.012356
bicg,large,2,0.012336
bicg,large,3,0.012326
bicg,large,4,0.013045
bicg,large,5,0.012325
bicg,large,6,0.012311
bicg,large,7,0.012354
bicg,large,8,0.012353
bicg,large,9,0.012343
bicg,large,10,0.012349
bicg,medium,1,0.000484
bicg,medium,2,0.001289
bicg,medium,3,0.001403
bicg,medium,4,0.000481
bicg,medium,5,0.000480
bicg,medium,6,0.000483
bicg,medium,7,0.000484
bicg,medium,8,0.000485
bicg,medium,9,0.000490
bicg,medium,10,0.000514
bicg,mini,1,0.000012
bicg,mini,2,0.000012
bicg,mini,3,0.000007
bicg,mini,4,0.000016
bicg,mini,5,0.000005
bicg,mini,6,0.000007
bicg,mini,7,0.000006
bicg,mini,8,0.000007
bicg,mini,9,0.000006
bicg,mini,10,0.000006
bicg,small,1,0.000044
bicg,small,2,0.000043
bicg,small,3,0.000041
bicg,small,4,0.000132
bicg,small,5,0.000043
bicg,small,6,0.000043
bicg,small,7,0.000043
bicg,small,8,0.000042
bicg,small,9,0.000042
bicg,small,10,0.000048
cholesky,extralarge,1,8.940656
cholesky,extralarge,2,8.917232
cholesky,extralarge,3,9.081599
cholesky,extralarge,4,8.934953
cholesky,extralarge,5,8.939693
cholesky,extralarge,6,9.096968
cholesky,extralarge,7,9.150456
cholesky,extralarge,8,9.049199
cholesky,extralarge,9,9.004069
cholesky,extralarge,10,9.129848
cholesky,large,1,1.175643
cholesky,large,2,1.176634
cholesky,large,3,1.199550
cholesky,large,4,1.188549
cholesky,large,5,1.193536
cholesky,large,6,1.190930
cholesky,large,7,1.170030
cholesky,large,8,1.184122
cholesky,large,9,1.183640
cholesky,large,10,1.181183
cholesky,medium,1,0.007509
cholesky,medium,2,0.007523
cholesky,medium,3,0.007369
cholesky,medium,4,0.007305
cholesky,medium,5,0.007367
cholesky,medium,6,0.007545
cholesky,medium,7,0.007670
cholesky,medium,8,0.007647
cholesky,medium,9,0.007653
cholesky,medium,10,0.007633
cholesky,mini,1,0.000022
cholesky,mini,2,0.000019
cholesky,mini,3,0.000009
cholesky,mini,4,0.000009
cholesky,mini,5,0.000009
cholesky,mini,6,0.000023
cholesky,mini,7,0.000023
cholesky,mini,8,0.000023
cholesky,mini,9,0.000023
cholesky,mini,10,0.000008
cholesky,small,1,0.000184
cholesky,small,2,0.000547
cholesky,small,3,0.000399
cholesky,small,4,0.000438
cholesky,small,5,0.000427
cholesky,small,6,0.000178
cholesky,small,7,0.000425
cholesky,small,8,0.000190
cholesky,small,9,0.000399
cholesky,small,10,0.000177
correlation,extralarge,1,13.591960
correlation,extralarge,2,13.590214
correlation,extralarge,3,13.605289
correlation,extralarge,4,13.663835
correlation,extralarge,5,13.617089
correlation,extralarge,6,13.637815
correlation,extralarge,7,13.592496
correlation,extralarge,8,13.622515
correlation,extralarge,9,13.692698
correlation,extralarge,10,13.666795
correlation,large,1,1.336772
correlation,large,2,1.338590
correlation,large,3,1.332487
correlation,large,4,1.344290
correlation,large,5,1.324267
correlation,large,6,1.320389
correlation,large,7,1.361835
correlation,large,8,1.345565
correlation,large,9,1.355112
correlation,large,10,1.337081
correlation,medium,1,0.009579
correlation,medium,2,0.006678
correlation,medium,3,0.010193
correlation,medium,4,0.006608
correlation,medium,5,0.006661
correlation,medium,6,0.006664
correlation,medium,7,0.006721
correlation,medium,8,0.006654
correlation,medium,9,0.006629
correlation,medium,10,0.006598
correlation,mini,1,0.000029
correlation,mini,2,0.000011
correlation,mini,3,0.000012
correlation,mini,4,0.000011
correlation,mini,5,0.000010
correlation,mini,6,0.000013
correlation,mini,7,0.000013
correlation,mini,8,0.000030
correlation,mini,9,0.000030
correlation,mini,10,0.000032
correlation,small,1,0.000248
correlation,small,2,0.000237
correlation,small,3,0.000727
correlation,small,4,0.000758
correlation,small,5,0.000746
correlation,small,6,0.000735
correlation,small,7,0.000601
correlation,small,8,0.000245
correlation,small,9,0.000526
correlation,small,10,0.000243
covariance,extralarge,1,13.689890
covariance,extralarge,2,13.626586
covariance,extralarge,3,13.635260
covariance,extralarge,4,13.618111
covariance,extralarge,5,13.631504
covariance,extralarge,6,13.634669
covariance,extralarge,7,13.667835
covariance,extralarge,8,13.646210
covariance,extralarge,9,13.570833
covariance,extralarge,10,13.626891
covariance,large,1,1.354568
covariance,large,2,1.357110
covariance,large,3,1.368872
covariance,large,4,1.359461
covariance,large,5,1.361047
covariance,large,6,1.349304
covariance,large,7,1.331819
covariance,large,8,1.332413
covariance,large,9,1.333013
covariance,large,10,1.350836
covariance,medium,1,0.009991
covariance,medium,2,0.006597
covariance,medium,3,0.010620
covariance,medium,4,0.008597
covariance,medium,5,0.006609
covariance,medium,6,0.006635
covariance,medium,7,0.010047
covariance,medium,8,0.006599
covariance,medium,9,0.006670
covariance,medium,10,0.006607
covariance,mini,1,0.000024
covariance,mini,2,0.000012
covariance,mini,3,0.000010
covariance,mini,4,0.000023
covariance,mini,5,0.000012
covariance,mini,6,0.000023
covariance,mini,7,0.000032
covariance,mini,8,0.000011
covariance,mini,9,0.000025
covariance,mini,10,0.000030
covariance,small,1,0.000751
covariance,small,2,0.000250
covariance,small,3,0.000239
covariance,small,4,0.000551
covariance,small,5,0.000248
covariance,small,6,0.000720
covariance,small,7,0.000246
covariance,small,8,0.000610
covariance,small,9,0.000750
covariance,small,10,0.000551
deriche,extralarge,1,0.488776
deriche,extralarge,2,0.468942
deriche,extralarge,3,0.542022
deriche,extralarge,4,0.570665
deriche,extralarge,5,0.575873
deriche,extralarge,6,0.617241
deriche,extralarge,7,0.642954
deriche,extralarge,8,0.663816
deriche,extralarge,9,0.661981
deriche,extralarge,10,0.671539
deriche,large,1,0.130605
deriche,large,2,0.130565
deriche,large,3,0.132205
deriche,large,4,0.130213
deriche,large,5,0.131379
deriche,large,6,0.133217
deriche,large,7,0.131365
deriche,large,8,0.132100
deriche,large,9,0.136469
deriche,large,10,0.130724
deriche,medium,1,0.005448
deriche,medium,2,0.008466
deriche,medium,3,0.005348
deriche,medium,4,0.006782
deriche,medium,5,0.005391
deriche,medium,6,0.005430
deriche,medium,7,0.005309
deriche,medium,8,0.008161
deriche,medium,9,0.009510
deriche,medium,10,0.005424
deriche,mini,1,0.000062
deriche,mini,2,0.000056
deriche,mini,3,0.000054
deriche,mini,4,0.000134
deriche,mini,5,0.000123
deriche,mini,6,0.000117
deriche,mini,7,0.000056
deriche,mini,8,0.000180
deriche,mini,9,0.000057
deriche,mini,10,0.000128
deriche,small,1,0.000342
deriche,small,2,0.001033
deriche,small,3,0.000351
deriche,small,4,0.000824
deriche,small,5,0.000350
deriche,small,6,0.000763
deriche,small,7,0.000363
deriche,small,8,0.001104
deriche,small,9,0.001000
deriche,small,10,0.000748
doitgen,extralarge,1,2.882907
doitgen,extralarge,2,2.877243
doitgen,extralarge,3,2.872514
doitgen,extralarge,4,2.871502
doitgen,extralarge,5,2.902195
doitgen,extralarge,6,2.898629
doitgen,extralarge,7,2.903638
doitgen,extralarge,8,2.900713
doitgen,extralarge,9,2.905690
doitgen,extralarge,10,2.889819
doitgen,large,1,0.413711
doitgen,large,2,0.419943
doitgen,large,3,0.422999
doitgen,large,4,0.423291
doitgen,large,5,0.405802
doitgen,large,6,0.410483
doitgen,large,7,0.409893
doitgen,large,8,0.410373
doitgen,large,9,0.415691
doitgen,large,10,0.422466
doitgen,medium,1,0.004037
doitgen,medium,2,0.004061
doitgen,medium,3,0.012437
doitgen,medium,4,0.008802
doitgen,medium,5,0.008078
doitgen,medium,6,0.004037
doitgen,medium,7,0.007017
doitgen,medium,8,0.007363
doitgen,medium,9,0.004036
doitgen,medium,10,0.004054
doitgen,mini,1,0.000007
doitgen,mini,2,0.000006
doitgen,mini,3,0.000006
doitgen,mini,4,0.000006
doitgen,mini,5,0.000008
doitgen,mini,6,0.000007
doitgen,mini,7,0.000007
doitgen,mini,8,0.000007
doitgen,mini,9,0.000006
doitgen,mini,10,0.000014
doitgen,small,1,0.000813
doitgen,small,2,0.000481
doitgen,small,3,0.000282
doitgen,small,4,0.000632
doitgen,small,5,0.000265
doitgen,small,6,0.000269
doitgen,small,7,0.000824
doitgen,small,8,0.000276
doitgen,small,9,0.000279
doitgen,small,10,0.000766
durbin,extralarge,1,0.009262
durbin,extralarge,2,0.007950
durbin,extralarge,3,0.013014
durbin,extralarge,4,0.012371
durbin,extralarge,5,0.011534
durbin,extralarge,6,0.008124
durbin,extralarge,7,0.012195
durbin,extralarge,8,0.007942
durbin,extralarge,9,0.011963
durbin,extralarge,10,0.007948
durbin,large,1,0.001959
durbin,large,2,0.001957
durbin,large,3,0.006015
durbin,large,4,0.001934
durbin,large,5,0.004333
durbin,large,6,0.001945
durbin,large,7,0.004361
durbin,large,8,0.001941
durbin,large,9,0.005325
durbin,large,10,0.001961
durbin,medium,1,0.000083
durbin,medium,2,0.000085
durbin,medium,3,0.000082
durbin,medium,4,0.000193
durbin,medium,5,0.000082
durbin,medium,6,0.000082
durbin,medium,7,0.000082
durbin,medium,8,0.000081
durbin,medium,9,0.000249
durbin,medium,10,0.000188
durbin,mini,1,0.000006
durbin,mini,2,0.000008
durbin,mini,3,0.000006
durbin,mini,4,0.000006
durbin,mini,5,0.000007
durbin,mini,6,0.000007
durbin,mini,7,0.000007
durbin,mini,8,0.000007
durbin,mini,9,0.000007
durbin,mini,10,0.000008
durbin,small,1,0.000011
durbin,small,2,0.000029
durbin,small,3,0.000010
durbin,small,4,0.000010
durbin,small,5,0.000030
durbin,small,6,0.000011
durbin,small,7,0.000010
durbin,small,8,0.000011
durbin,small,9,0.000010
durbin,small,10,0.000011
fdtd-2d,extralarge,1,14.327205
fdtd-2d,extralarge,2,14.269156
fdtd-2d,extralarge,3,14.428835
fdtd-2d,extralarge,4,14.170062
fdtd-2d,extralarge,5,14.475693
fdtd-2d,extralarge,6,14.348436
fdtd-2d,extralarge,7,14.436534
fdtd-2d,extralarge,8,14.422243
fdtd-2d,extralarge,9,14.446805
fdtd-2d,extralarge,10,14.339746
fdtd-2d,large,1,1.717271
fdtd-2d,large,2,1.701649
fdtd-2d,large,3,1.650278
fdtd-2d,large,4,1.661640
fdtd-2d,large,5,1.661830
fdtd-2d,large,6,1.648736
fdtd-2d,large,7,1.718026
fdtd-2d,large,8,1.668538
fdtd-2d,large,9,1.667196
fdtd-2d,large,10,1.653044
fdtd-2d,medium,1,0.006293
fdtd-2d,medium,2,0.002851
fdtd-2d,medium,3,0.003070
fdtd-2d,medium,4,0.006560
fdtd-2d,medium,5,0.006567
fdtd-2d,medium,6,0.002898
fdtd-2d,medium,7,0.002861
fdtd-2d,medium,8,0.002997
fdtd-2d,medium,9,0.002835
fdtd-2d,medium,10,0.006235
fdtd-2d,mini,1,0.000007
fdtd-2d,mini,2,0.000007
fdtd-2d,mini,3,0.000007
fdtd-2d,mini,4,0.000008
fdtd-2d,mini,5,0.000007
fdtd-2d,mini,6,0.000007
fdtd-2d,mini,7,0.000007
fdtd-2d,mini,8,0.000008
fdtd-2d,mini,9,0.000007
fdtd-2d,mini,10,0.000008
fdtd-2d,small,1,0.000328
fdtd-2d,small,2,0.000274
fdtd-2d,small,3,0.000111
fdtd-2d,small,4,0.000266
fdtd-2d,small,5,0.000121
fdtd-2d,small,6,0.000237
fdtd-2d,small,7,0.000346
fdtd-2d,small,8,0.000115
fdtd-2d,small,9,0.000358
fdtd-2d,small,10,0.000286
floyd-warshall,extralarge,1,100.021493
floyd-warshall,extralarge,2,100.396665
floyd-warshall,extralarge,3,100.304003
floyd-warshall,extralarge,4,99.824351
floyd-warshall,extralarge,5,99.731724
floyd-warshall,extralarge,6,99.861804
floyd-warshall,extralarge,7,100.148633
floyd-warshall,extralarge,8,100.081634
floyd-warshall,extralarge,9,100.235825
floyd-warshall,extralarge,10,100.039260
floyd-warshall,large,1,13.054828
floyd-warshall,large,2,13.080590
floyd-warshall,large,3,13.068867
floyd-warshall,large,4,13.089609
floyd-warshall,large,5,13.074484
floyd-warshall,large,6,13.048151
floyd-warshall,large,7,13.068015
floyd-warshall,large,8,13.046492
floyd-warshall,large,9,13.182476
floyd-warshall,large,10,13.077087
floyd-warshall,medium,1,0.056027
floyd-warshall,medium,2,0.055987
floyd-warshall,medium,3,0.059831
floyd-warshall,medium,4,0.059274
floyd-warshall,medium,5,0.060420
floyd-warshall,medium,6,0.056259
floyd-warshall,medium,7,0.056391
floyd-warshall,medium,8,0.056167
floyd-warshall,medium,9,0.056668
floyd-warshall,medium,10,0.056239
floyd-warshall,mini,1,0.000093
floyd-warshall,mini,2,0.000209
floyd-warshall,mini,3,0.000094
floyd-warshall,mini,4,0.000291
floyd-warshall,mini,5,0.000210
floyd-warshall,mini,6,0.000290
floyd-warshall,mini,7,0.000094
floyd-warshall,mini,8,0.000290
floyd-warshall,mini,9,0.000291
floyd-warshall,mini,10,0.000214
floyd-warshall,small,1,0.002702
floyd-warshall,small,2,0.002708
floyd-warshall,small,3,0.003845
floyd-warshall,small,4,0.007472
floyd-warshall,small,5,0.002681
floyd-warshall,small,6,0.002687
floyd-warshall,small,7,0.002693
floyd-warshall,small,8,0.005580
floyd-warshall,small,9,0.002672
floyd-warshall,small,10,0.002709
gemm,extralarge,1,4.204037
gemm,extralarge,2,4.288321
gemm,extralarge,3,4.184070
gemm,extralarge,4,4.236143
gemm,extralarge,5,4.204896
gemm,extralarge,6,4.241355
gemm,extralarge,7,4.187988
gemm,extralarge,8,4.256706
gemm,extralarge,9,4.184100
gemm,extralarge,10,4.201959
gemm,large,1,0.465851
gemm,large,2,0.460835
gemm,large,3,0.473297
gemm,large,4,0.469697
gemm,large,5,0.459285
gemm,large,6,0.464540
gemm,large,7,0.456927
gemm,large,8,0.454150
gemm,large,9,0.463515
gemm,large,10,0.455840
gemm,medium,1,0.001036
gemm,medium,2,0.001057
gemm,medium,3,0.002468
gemm,medium,4,0.001025
gemm,medium,5,0.001075
gemm,medium,6,0.001039
gemm,medium,7,0.001035
gemm,medium,8,0.002170
gemm,medium,9,0.000999
gemm,medium,10,0.001056
gemm,mini,1,0.000009
gemm,mini,2,0.000003
gemm,mini,3,0.000008
gemm,mini,4,0.000008
gemm,mini,5,0.000009
gemm,mini,6,0.000004
gemm,mini,7,0.000008
gemm,mini,8,0.000004
gemm,mini,9,0.000004
gemm,mini,10,0.000004
gemm,small,1,0.000041
gemm,small,2,0.000041
gemm,small,3,0.000041
gemm,small,4,0.000042
gemm,small,5,0.000041
gemm,small,6,0.000040
gemm,small,7,0.000041
gemm,small,8,0.000041
gemm,small,9,0.000040
gemm,small,10,0.000041
gemver,extralarge,1,0.044455
gemver,extralarge,2,0.044284
gemver,extralarge,3,0.045505
gemver,extralarge,4,0.046477
gemver,extralarge,5,0.044175
gemver,extralarge,6,0.044301
gemver,extralarge,7,0.044944
gemver,extralarge,8,0.044574
gemver,extralarge,9,0.044340
gemver,extralarge,10,0.044130
gemver,large,1,0.010524
gemver,large,2,0.010339
gemver,large,3,0.010359
gemver,large,4,0.010361
gemver,large,5,0.010361
gemver,large,6,0.010414
gemver,large,7,0.010366
gemver,large,8,0.010392
gemver,large,9,0.010672
gemver,large,10,0.010520
gemver,medium,1,0.000317
gemver,medium,2,0.000803
gemver,medium,3,0.000306
gemver,medium,4,0.000590
gemver,medium,5,0.000702
gemver,medium,6,0.000303
gemver,medium,7,0.000801
gemver,medium,8,0.000305
gemver,medium,9,0.000300
gemver,medium,10,0.000301
gemver,mini,1,0.000004
gemver,mini,2,0.000008
gemver,mini,3,0.000003
gemver,mini,4,0.000004
gemver,mini,5,0.000007
gemver,mini,6,0.000005
gemver,mini,7,0.000004
gemver,mini,8,0.000007
gemver,mini,9,0.000003
gemver,mini,10,0.000003
gemver,small,1,0.000069
gemver,small,2,0.000025
gemver,small,3,0.000025
gemver,small,4,0.000024
gemver,small,5,0.000025
gemver,small,6,0.000025
gemver,small,7,0.000025
gemver,small,8,0.000028
gemver,small,9,0.000025
gemver,small,10,0.000025
gesummv,extralarge,1,0.041018
gesummv,extralarge,2,0.040953
gesummv,extralarge,3,0.040919
gesummv,extralarge,4,0.040936
gesummv,extralarge,5,0.041049
gesummv,extralarge,6,0.041034
gesummv,extralarge,7,0.040884
gesummv,extralarge,8,0.040968
gesummv,extralarge,9,0.040926
gesummv,extralarge,10,0.040935
gesummv,large,1,0.008850
gesummv,large,2,0.008859
gesummv,large,3,0.008857
gesummv,large,4,0.008878
gesummv,large,5,0.008840
gesummv,large,6,0.008859
gesummv,large,7,0.008909
gesummv,large,8,0.008847
gesummv,large,9,0.008875
gesummv,large,10,0.008877
gesummv,medium,1,0.000329
gesummv,medium,2,0.000333
gesummv,medium,3,0.000337
gesummv,medium,4,0.000326
gesummv,medium,5,0.000807
gesummv,medium,6,0.000333
gesummv,medium,7,0.000339
gesummv,medium,8,0.000325
gesummv,medium,9,0.000338
gesummv,medium,10,0.000844
gesummv,mini,1,0.000013
gesummv,mini,2,0.000033
gesummv,mini,3,0.000006
gesummv,mini,4,0.000017
gesummv,mini,5,0.000013
gesummv,mini,6,0.000013
gesummv,mini,7,0.000007
gesummv,mini,8,0.000014
gesummv,mini,9,0.000018
gesummv,mini,10,0.000007
gesummv,small,1,0.000044
gesummv,small,2,0.000097
gesummv,small,3,0.000044
gesummv,small,4,0.000132
gesummv,small,5,0.000046
gesummv,small,6,0.000173
gesummv,small,7,0.000054
gesummv,small,8,0.000096
gesummv,small,9,0.000136
gesummv,small,10,0.000044
gramschmidt,extralarge,1,17.465521
gramschmidt,extralarge,2,17.472627
gramschmidt,extralarge,3,17.489090
gramschmidt,extralarge,4,17.468169
gramschmidt,extralarge,5,17.449983
gramschmidt,extralarge,6,17.484742
gramschmidt,extralarge,7,17.446985
gramschmidt,extralarge,8,17.432759
gramschmidt,extralarge,9,17.452942
gramschmidt,extralarge,10,17.520639
gramschmidt,large,1,1.820226
gramschmidt,large,2,1.783570
gramschmidt,large,3,1.816296
gramschmidt,large,4,1.795471
gramschmidt,large,5,1.807925
gramschmidt,large,6,1.813545
gramschmidt,large,7,1.809465
gramschmidt,large,8,1.779209
gramschmidt,large,9,1.828003
gramschmidt,large,10,1.809695
gramschmidt,medium,1,0.012876
gramschmidt,medium,2,0.008894
gramschmidt,medium,3,0.008920
gramschmidt,medium,4,0.008894
gramschmidt,medium,5,0.008882
gramschmidt,medium,6,0.008905
gramschmidt,medium,7,0.011702
gramschmidt,medium,8,0.008873
gramschmidt,medium,9,0.008894
gramschmidt,medium,10,0.008954
gramschmidt,mini,1,0.000029
gramschmidt,mini,2,0.000023
gramschmidt,mini,3,0.000030
gramschmidt,mini,4,0.000011
gramschmidt,mini,5,0.000011
gramschmidt,mini,6,0.000024
gramschmidt,mini,7,0.000030
gramschmidt,mini,8,0.000030
gramschmidt,mini,9,0.000012
gramschmidt,mini,10,0.000024
gramschmidt,small,1,0.000224
gramschmidt,small,2,0.000634
gramschmidt,small,3,0.000221
gramschmidt,small,4,0.000538
gramschmidt,small,5,0.000220
gramschmidt,small,6,0.000224
gramschmidt,small,7,0.000233
gramschmidt,small,8,0.000676
gramschmidt,small,9,0.000225
gramschmidt,small,10,0.000224
heat-3d,extralarge,1,14.896901
heat-3d,extralarge,2,14.756272
heat-3d,extralarge,3,14.893563
heat-3d,extralarge,4,14.881682
heat-3d,extralarge,5,14.905601
heat-3d,extralarge,6,14.918905
heat-3d,extralarge,7,14.921839
heat-3d,extralarge,8,14.929494
heat-3d,extralarge,9,14.700988
heat-3d,extralarge,10,14.956944
heat-3d,large,1,1.643012
heat-3d,large,2,1.598195
heat-3d,large,3,1.626799
heat-3d,large,4,1.616188
heat-3d,large,5,1.608855
heat-3d,large,6,1.617708
heat-3d,large,7,1.585669
heat-3d,large,8,1.607135
heat-3d,large,9,1.630330
heat-3d,large,10,1.597508
heat-3d,medium,1,0.004515
heat-3d,medium,2,0.007461
heat-3d,medium,3,0.004385
heat-3d,medium,4,0.008636
heat-3d,medium,5,0.008333
heat-3d,medium,6,0.004346
heat-3d,medium,7,0.004382
heat-3d,medium,8,0.004388
heat-3d,medium,9,0.004385
heat-3d,medium,10,0.004341
heat-3d,mini,1,0.000008
heat-3d,mini,2,0.000008
heat-3d,mini,3,0.000009
heat-3d,mini,4,0.000017
heat-3d,mini,5,0.000017
heat-3d,mini,6,0.000018
heat-3d,mini,7,0.000009
heat-3d,mini,8,0.000010
heat-3d,mini,9,0.000009
heat-3d,mini,10,0.000017
heat-3d,small,1,0.000186
heat-3d,small,2,0.000194
heat-3d,small,3,0.000191
heat-3d,small,4,0.000413
heat-3d,small,5,0.000186
heat-3d,small,6,0.000576
heat-3d,small,7,0.000567
heat-3d,small,8,0.000189
heat-3d,small,9,0.000461
heat-3d,small,10,0.000185
jacobi-1d,extralarge,1,0.001495
jacobi-1d,extralarge,2,0.003854
jacobi-1d,extralarge,3,0.001503
jacobi-1d,extralarge,4,0.001488
jacobi-1d,extralarge,5,0.001555
jacobi-1d,extralarge,6,0.003774
jacobi-1d,extralarge,7,0.001497
jacobi-1d,extralarge,8,0.001484
jacobi-1d,extralarge,9,0.001485
jacobi-1d,extralarge,10,0.001504
jacobi-1d,large,1,0.000823
jacobi-1d,large,2,0.000665
jacobi-1d,large,3,0.000623
jacobi-1d,large,4,0.000826
jacobi-1d,large,5,0.000604
jacobi-1d,large,6,0.000267
jacobi-1d,large,7,0.000268
jacobi-1d,large,8,0.000272
jacobi-1d,large,9,0.000272
jacobi-1d,large,10,0.000309
jacobi-1d,medium,1,0.000034
jacobi-1d,medium,2,0.000012
jacobi-1d,medium,3,0.000012
jacobi-1d,medium,4,0.000012
jacobi-1d,medium,5,0.000012
jacobi-1d,medium,6,0.000028
jacobi-1d,medium,7,0.000025
jacobi-1d,medium,8,0.000025
jacobi-1d,medium,9,0.000013
jacobi-1d,medium,10,0.000026
jacobi-1d,mini,1,0.000003
jacobi-1d,mini,2,0.000002
jacobi-1d,mini,3,0.000001
jacobi-1d,mini,4,0.000003
jacobi-1d,mini,5,0.000002
jacobi-1d,mini,6,0.000001
jacobi-1d,mini,7,0.000003
jacobi-1d,mini,8,0.000001
jacobi-1d,mini,9,0.000002
jacobi-1d,mini,10,0.000002
jacobi-1d,small,1,0.000003
jacobi-1d,small,2,0.000005
jacobi-1d,small,3,0.000003
jacobi-1d,small,4,0.000002
jacobi-1d,small,5,0.000006
jacobi-1d,small,6,0.000006
jacobi-1d,small,7,0.000005
jacobi-1d,small,8,0.000003
jacobi-1d,small,9,0.000003
jacobi-1d,small,10,0.000007
jacobi-2d,extralarge,1,13.220443
jacobi-2d,extralarge,2,13.310841
jacobi-2d,extralarge,3,13.299507
jacobi-2d,extralarge,4,13.399585
jacobi-2d,extralarge,5,13.297890
jacobi-2d,extralarge,6,13.528500
jacobi-2d,extralarge,7,13.425797
jacobi-2d,extralarge,8,13.340861
jacobi-2d,extralarge,9,13.085816
jacobi-2d,extralarge,10,13.453791
jacobi-2d,large,1,1.436637
jacobi-2d,large,2,1.443474
jacobi-2d,large,3,1.491175
jacobi-2d,large,4,1.467209
jacobi-2d,large,5,1.440322
jacobi-2d,large,6,1.474923
jacobi-2d,large,7,1.469084
jacobi-2d,large,8,1.429364
jacobi-2d,large,9,1.433444
jacobi-2d,large,10,1.449068
jacobi-2d,medium,1,0.003610
jacobi-2d,medium,2,0.007901
jacobi-2d,medium,3,0.007172
jacobi-2d,medium,4,0.003704
jacobi-2d,medium,5,0.003624
jacobi-2d,medium,6,0.007617
jacobi-2d,medium,7,0.003558
jacobi-2d,medium,8,0.011308
jacobi-2d,medium,9,0.006342
jacobi-2d,medium,10,0.003555
jacobi-2d,mini,1,0.000024
jacobi-2d,mini,2,0.000019
jacobi-2d,mini,3,0.000010
jacobi-2d,mini,4,0.000011
jacobi-2d,mini,5,0.000009
jacobi-2d,mini,6,0.000009
jacobi-2d,mini,7,0.000009
jacobi-2d,mini,8,0.000008
jacobi-2d,mini,9,0.000009
jacobi-2d,mini,10,0.000009
jacobi-2d,small,1,0.000177
jacobi-2d,small,2,0.000439
jacobi-2d,small,3,0.000434
jacobi-2d,small,4,0.000524
jacobi-2d,small,5,0.000191
jacobi-2d,small,6,0.000180
jacobi-2d,small,7,0.000188
jacobi-2d,small,8,0.000178
jacobi-2d,small,9,0.000176
jacobi-2d,small,10,0.000390
ludcmp,extralarge,1,25.289556
ludcmp,extralarge,2,25.222948
ludcmp,extralarge,3,25.314450
ludcmp,extralarge,4,25.227112
ludcmp,extralarge,5,25.315707
ludcmp,extralarge,6,25.366623
ludcmp,extralarge,7,25.312102
ludcmp,extralarge,8,25.256584
ludcmp,extralarge,9,25.309248
ludcmp,extralarge,10,25.241617
ludcmp,large,1,2.607399
ludcmp,large,2,2.633513
ludcmp,large,3,2.612492
ludcmp,large,4,2.608935
ludcmp,large,5,2.594348
ludcmp,large,6,2.654826
ludcmp,large,7,2.605167
ludcmp,large,8,2.618705
ludcmp,large,9,2.602258
ludcmp,large,10,2.584983
ludcmp,medium,1,0.012914
ludcmp,medium,2,0.013027
ludcmp,medium,3,0.013070
ludcmp,medium,4,0.013181
ludcmp,medium,5,0.013055
ludcmp,medium,6,0.012944
ludcmp,medium,7,0.012989
ludcmp,medium,8,0.013043
ludcmp,medium,9,0.012954
ludcmp,medium,10,0.012949
ludcmp,mini,1,0.000040
ludcmp,mini,2,0.000030
ludcmp,mini,3,0.000015
ludcmp,mini,4,0.000030
ludcmp,mini,5,0.000040
ludcmp,mini,6,0.000031
ludcmp,mini,7,0.000034
ludcmp,mini,8,0.000034
ludcmp,mini,9,0.000041
ludcmp,mini,10,0.000033
ludcmp,small,1,0.000290
ludcmp,small,2,0.000882
ludcmp,small,3,0.000283
ludcmp,small,4,0.000751
ludcmp,small,5,0.000300
ludcmp,small,6,0.000288
ludcmp,small,7,0.000901
ludcmp,small,8,0.000655
ludcmp,small,9,0.000718
ludcmp,small,10,0.000742
lu,extralarge,1,26.137569
lu,extralarge,2,26.144888
lu,extralarge,3,26.242762
lu,extralarge,4,26.131824
lu,extralarge,5,26.086218
lu,extralarge,6,26.344751
lu,extralarge,7,26.154912
lu,extralarge,8,26.166595
lu,extralarge,9,26.286685
lu,extralarge,10,26.053358
lu,large,1,2.686732
lu,large,2,2.666515
lu,large,3,2.662905
lu,large,4,2.664520
lu,large,5,2.693653
lu,large,6,2.699274
lu,large,7,2.678844
lu,large,8,2.688501
lu,large,9,2.676749
lu,large,10,2.666505
lu,medium,1,0.014704
lu,medium,2,0.014651
lu,medium,3,0.014680
lu,medium,4,0.014662
lu,medium,5,0.014759
lu,medium,6,0.014740
lu,medium,7,0.014799
lu,medium,8,0.014826
lu,medium,9,0.014891
lu,medium,10,0.014884
lu,mini,1,0.000016
lu,mini,2,0.000014
lu,mini,3,0.000015
lu,mini,4,0.000043
lu,mini,5,0.000044
lu,mini,6,0.000036
lu,mini,7,0.000043
lu,mini,8,0.000036
lu,mini,9,0.000015
lu,mini,10,0.000031
lu,small,1,0.000849
lu,small,2,0.000340
lu,small,3,0.000343
lu,small,4,0.000341
lu,small,5,0.000341
lu,small,6,0.000769
lu,small,7,0.000340
lu,small,8,0.000867
lu,small,9,0.000870
lu,small,10,0.001071
mvt,extralarge,1,0.033525
mvt,extralarge,2,0.033587
mvt,extralarge,3,0.033566
mvt,extralarge,4,0.033351
mvt,extralarge,5,0.033379
mvt,extralarge,6,0.033431
mvt,extralarge,7,0.033452
mvt,extralarge,8,0.033432
mvt,extralarge,9,0.034434
mvt,extralarge,10,0.033686
mvt,large,1,0.008363
mvt,large,2,0.007623
mvt,large,3,0.007642
mvt,large,4,0.007676
mvt,large,5,0.007639
mvt,large,6,0.007712
mvt,large,7,0.014990
mvt,large,8,0.007662
mvt,large,9,0.007658
mvt,large,10,0.007645
mvt,medium,1,0.000235
mvt,medium,2,0.000278
mvt,medium,3,0.000710
mvt,medium,4,0.000693
mvt,medium,5,0.000509
mvt,medium,6,0.000699
mvt,medium,7,0.000236
mvt,medium,8,0.000513
mvt,medium,9,0.000239
mvt,medium,10,0.000510
mvt,mini,1,0.000003
mvt,mini,2,0.000003
mvt,mini,3,0.000006
mvt,mini,4,0.000003
mvt,mini,5,0.000003
mvt,mini,6,0.000005
mvt,mini,7,0.000007
mvt,mini,8,0.000007
mvt,mini,9,0.000004
mvt,mini,10,0.000008
mvt,small,1,0.000021
mvt,small,2,0.000022
mvt,small,3,0.000021
mvt,small,4,0.000058
mvt,small,5,0.000049
mvt,small,6,0.000021
mvt,small,7,0.000024
mvt,small,8,0.000049
mvt,small,9,0.000048
mvt,small,10,0.000024
nussinov,extralarge,1,30.330711
nussinov,extralarge,2,30.182443
nussinov,extralarge,3,30.250522
nussinov,extralarge,4,30.271463
nussinov,extralarge,5,30.281744
nussinov,extralarge,6,30.264163
nussinov,extralarge,7,30.289990
nussinov,extralarge,8,30.243491
nussinov,extralarge,9,30.496418
nussinov,extralarge,10,30.198079
nussinov,large,1,2.538609
nussinov,large,2,2.552711
nussinov,large,3,2.540424
nussinov,large,4,2.536699
nussinov,large,5,2.554370
nussinov,large,6,2.542306
nussinov,large,7,2.522557
nussinov,large,8,2.534675
nussinov,large,9,2.532359
nussinov,large,10,2.522967
nussinov,medium,1,0.008858
nussinov,medium,2,0.008802
nussinov,medium,3,0.012043
nussinov,medium,4,0.010852
nussinov,medium,5,0.010748
nussinov,medium,6,0.008822
nussinov,medium,7,0.008780
nussinov,medium,8,0.013499
nussinov,medium,9,0.008758
nussinov,medium,10,0.008797
nussinov,mini,1,0.000020
nussinov,mini,2,0.000019
nussinov,mini,3,0.000019
nussinov,mini,4,0.000020
nussinov,mini,5,0.000024
nussinov,mini,6,0.000044
nussinov,mini,7,0.000020
nussinov,mini,8,0.000019
nussinov,mini,9,0.000027
nussinov,mini,10,0.000025
nussinov,small,1,0.001185
nussinov,small,2,0.001175
nussinov,small,3,0.000475
nussinov,small,4,0.000469
nussinov,small,5,0.001214
nussinov,small,6,0.001095
nussinov,small,7,0.000470
nussinov,small,8,0.000468
nussinov,small,9,0.001327
nussinov,small,10,0.000462
seidel-2d,extralarge,1,119.164803
seidel-2d,extralarge,2,119.156346
seidel-2d,extralarge,3,119.133154
seidel-2d,extralarge,4,119.167514
seidel-2d,extralarge,5,119.152159
seidel-2d,extralarge,6,119.208261
seidel-2d,extralarge,7,119.132166
seidel-2d,extralarge,8,119.195805
seidel-2d,extralarge,9,119.144426
seidel-2d,extralarge,10,119.161265
seidel-2d,large,1,14.860275
seidel-2d,large,2,14.865403
seidel-2d,large,3,14.863799
seidel-2d,large,4,14.874897
seidel-2d,large,5,14.864589
seidel-2d,large,6,14.866693
seidel-2d,large,7,14.860766
seidel-2d,large,8,14.851101
seidel-2d,large,9,14.873085
seidel-2d,large,10,14.870823
seidel-2d,medium,1,0.121074
seidel-2d,medium,2,0.116973
seidel-2d,medium,3,0.116875
seidel-2d,medium,4,0.120801
seidel-2d,medium,5,0.121023
seidel-2d,medium,6,0.121401
seidel-2d,medium,7,0.121924
seidel-2d,medium,8,0.116947
seidel-2d,medium,9,0.116947
seidel-2d,medium,10,0.119679
seidel-2d,mini,1,0.000192
seidel-2d,mini,2,0.000192
seidel-2d,mini,3,0.000607
seidel-2d,mini,4,0.000450
seidel-2d,mini,5,0.000429
seidel-2d,mini,6,0.000197
seidel-2d,mini,7,0.000533
seidel-2d,mini,8,0.000191
seidel-2d,mini,9,0.000212
seidel-2d,mini,10,0.000192
seidel-2d,small,1,0.005379
seidel-2d,small,2,0.007265
seidel-2d,small,3,0.009059
seidel-2d,small,4,0.004014
seidel-2d,small,5,0.006873
seidel-2d,small,6,0.004023
seidel-2d,small,7,0.004029
seidel-2d,small,8,0.009719
seidel-2d,small,9,0.008166
seidel-2d,small,10,0.008628
symm,extralarge,1,17.515729
symm,extralarge,2,17.499051
symm,extralarge,3,17.571960
symm,extralarge,4,17.518216
symm,extralarge,5,17.521265
symm,extralarge,6,17.403217
symm,extralarge,7,17.469269
symm,extralarge,8,17.444100
symm,extralarge,9,17.445324
symm,extralarge,10,17.468879
symm,large,1,1.918921
symm,large,2,1.898055
symm,large,3,1.907790
symm,large,4,1.923011
symm,large,5,1.911553
symm,large,6,1.894516
symm,large,7,1.917894
symm,large,8,1.916644
symm,large,9,1.908598
symm,large,10,1.915602
symm,medium,1,0.009308
symm,medium,2,0.008806
symm,medium,3,0.005983
symm,medium,4,0.006038
symm,medium,5,0.006057
symm,medium,6,0.006054
symm,medium,7,0.014778
symm,medium,8,0.006073
symm,medium,9,0.006068
symm,medium,10,0.006136
symm,mini,1,0.000012
symm,mini,2,0.000012
symm,mini,3,0.000012
symm,mini,4,0.000006
symm,mini,5,0.000006
symm,mini,6,0.000006
symm,mini,7,0.000006
symm,mini,8,0.000015
symm,mini,9,0.000016
symm,mini,10,0.000016
symm,small,1,0.000121
symm,small,2,0.000117
symm,small,3,0.000113
symm,small,4,0.000112
symm,small,5,0.000117
symm,small,6,0.000285
symm,small,7,0.000256
symm,small,8,0.000256
symm,small,9,0.000283
symm,small,10,0.000400
syr2k,extralarge,1,12.512147
syr2k,extralarge,2,12.550337
syr2k,extralarge,3,12.442810
syr2k,extralarge,4,12.654811
syr2k,extralarge,5,12.510182
syr2k,extralarge,6,12.474414
syr2k,extralarge,7,12.574704
syr2k,extralarge,8,12.467179
syr2k,extralarge,9,12.542631
syr2k,extralarge,10,12.503380
syr2k,large,1,1.226255
syr2k,large,2,1.221114
syr2k,large,3,1.232339
syr2k,large,4,1.224773
syr2k,large,5,1.225555
syr2k,large,6,1.240134
syr2k,large,7,1.222510
syr2k,large,8,1.284562
syr2k,large,9,1.233382
syr2k,large,10,1.249728
syr2k,medium,1,0.003154
syr2k,medium,2,0.006524
syr2k,medium,3,0.003154
syr2k,medium,4,0.003291
syr2k,medium,5,0.003222
syr2k,medium,6,0.006886
syr2k,medium,7,0.003183
syr2k,medium,8,0.003154
syr2k,medium,9,0.003160
syr2k,medium,10,0.006514
syr2k,mini,1,0.000007
syr2k,mini,2,0.000014
syr2k,mini,3,0.000014
syr2k,mini,4,0.000008
syr2k,mini,5,0.000007
syr2k,mini,6,0.000015
syr2k,mini,7,0.000008
syr2k,mini,8,0.000007
syr2k,mini,9,0.000019
syr2k,mini,10,0.000007
syr2k,small,1,0.000084
syr2k,small,2,0.000084
syr2k,small,3,0.000257
syr2k,small,4,0.000259
syr2k,small,5,0.000257
syr2k,small,6,0.000253
syr2k,small,7,0.000259
syr2k,small,8,0.000085
syr2k,small,9,0.000084
syr2k,small,10,0.000085
syrk,extralarge,1,6.018543
syrk,extralarge,2,6.057995
syrk,extralarge,3,6.015852
syrk,extralarge,4,5.957550
syrk,extralarge,5,6.014203
syrk,extralarge,6,5.966689
syrk,extralarge,7,6.084396
syrk,extralarge,8,6.026148
syrk,extralarge,9,6.010514
syrk,extralarge,10,6.052648
syrk,large,1,0.458224
syrk,large,2,0.443847
syrk,large,3,0.443394
syrk,large,4,0.451104
syrk,large,5,0.444927
syrk,large,6,0.452934
syrk,large,7,0.445781
syrk,large,8,0.451337
syrk,large,9,0.458785
syrk,large,10,0.445181
syrk,medium,1,0.003172
syrk,medium,2,0.003155
syrk,medium,3,0.003560
syrk,medium,4,0.003516
syrk,medium,5,0.003306
syrk,medium,6,0.001433
syrk,medium,7,0.001435
syrk,medium,8,0.001449
syrk,medium,9,0.003192
syrk,medium,10,0.003411
syrk,mini,1,0.000009
syrk,mini,2,0.000005
syrk,mini,3,0.000005
syrk,mini,4,0.000006
syrk,mini,5,0.000010
syrk,mini,6,0.000010
syrk,mini,7,0.000011
syrk,mini,8,0.000010
syrk,mini,9,0.000013
syrk,mini,10,0.000005
syrk,small,1,0.000043
syrk,small,2,0.000042
syrk,small,3,0.000123
syrk,small,4,0.000092
syrk,small,5,0.000044
syrk,small,6,0.000042
syrk,small,7,0.000043
syrk,small,8,0.000043
syrk,small,9,0.000042
syrk,small,10,0.000043
trisolv,extralarge,1,0.006665
trisolv,extralarge,2,0.006739
trisolv,extralarge,3,0.006669
trisolv,extralarge,4,0.006696
trisolv,extralarge,5,0.006684
trisolv,extralarge,6,0.006684
trisolv,extralarge,7,0.006708
trisolv,extralarge,8,0.006699
trisolv,extralarge,9,0.006738
trisolv,extralarge,10,0.006645
trisolv,large,1,0.001758
trisolv,large,2,0.001820
trisolv,large,3,0.001837
trisolv,large,4,0.001803
trisolv,large,5,0.001826
trisolv,large,6,0.002699
trisolv,large,7,0.004717
trisolv,large,8,0.001770
trisolv,large,9,0.001822
trisolv,large,10,0.001837
trisolv,medium,1,0.000209
trisolv,medium,2,0.000205
trisolv,medium,3,0.000206
trisolv,medium,4,0.000157
trisolv,medium,5,0.000152
trisolv,medium,6,0.000174
trisolv,medium,7,0.000180
trisolv,medium,8,0.000156
trisolv,medium,9,0.000229
trisolv,medium,10,0.000157
trisolv,mini,1,0.000004
trisolv,mini,2,0.000005
trisolv,mini,3,0.000004
trisolv,mini,4,0.000000
trisolv,mini,5,0.000002
trisolv,mini,6,0.000004
trisolv,mini,7,0.000003
trisolv,mini,8,0.000004
trisolv,mini,9,0.000002
trisolv,mini,10,0.000004
trisolv,small,1,0.000021
trisolv,small,2,0.000010
trisolv,small,3,0.000022
trisolv,small,4,0.000010
trisolv,small,5,0.000009
trisolv,small,6,0.000015
trisolv,small,7,0.000017
trisolv,small,8,0.000015
trisolv,small,9,0.000016
trisolv,small,10,0.000009
trmm,extralarge,1,7.000720
trmm,extralarge,2,7.029170
trmm,extralarge,3,6.952104
trmm,extralarge,4,6.967988
trmm,extralarge,5,6.994101
trmm,extralarge,6,6.953174
trmm,extralarge,7,6.990259
trmm,extralarge,8,6.997140
trmm,extralarge,9,6.919383
trmm,extralarge,10,7.046594
trmm,large,1,0.717301
trmm,large,2,0.725236
trmm,large,3,0.727409
trmm,large,4,0.728916
trmm,large,5,0.737244
trmm,large,6,0.736023
trmm,large,7,0.709809
trmm,large,8,0.729246
trmm,large,9,0.736782
trmm,large,10,0.715836
trmm,medium,1,0.003171
trmm,medium,2,0.003138
trmm,medium,3,0.003099
trmm,medium,4,0.003127
trmm,medium,5,0.003145
trmm,medium,6,0.006379
trmm,medium,7,0.003163
trmm,medium,8,0.003172
trmm,medium,9,0.003202
trmm,medium,10,0.005111
trmm,mini,1,0.000005
trmm,mini,2,0.000005
trmm,mini,3,0.000011
trmm,mini,4,0.000006
trmm,mini,5,0.000010
trmm,mini,6,0.000006
trmm,mini,7,0.000013
trmm,mini,8,0.000005
trmm,mini,9,0.000004
trmm,mini,10,0.000010
trmm,small,1,0.000161
trmm,small,2,0.000088
trmm,small,3,0.000171
trmm,small,4,0.000075
trmm,small,5,0.000074
trmm,small,6,0.000166
trmm,small,7,0.000187
trmm,small,8,0.000200
trmm,small,9,0.000162
trmm,small,10,0.000075
